"CAS Number","Chemical Name","Species Common Name","Effect","Effect Measurement","Endpoint","Year","Records","Citation"
"111988499","Thiacloprid","Alfalfa Leafcutter Bee","Mortality","Mortality","LD50","2019","1","Hayward,A., K. Beadle, K.S. Singh, N. Exeler, M. Zaworra, M.T. Almanza, A. Nikolakis, C. Garside, J. Glaubitz, C. Bass, (2019). The Leafcutter Bee, Megachile rotundata, is More Sensitive to N-Cyanoamidine Neonicotinoid and Butenolide Insecticides Than Other Managed Bees. Nat. Ecol. Evol., 3, (11), 1521-1524. doi:10.1038/s41559-019-1011-2. ECOREF#:191068"
"111988499","Thiacloprid","Aphid","Population","Abundance","LOEL","2015","3","Chaudhari,A.J., D.M. Korat, and M.R. Dabhi (2015). Bio-Efficacy of Newer Insecticides Against Major Insect Pests of Indian Bean, Lablab purpureus L. L. Krishna Naik, 28, (4), 616-619. ECOREF#:187435"
"111988499","Thiacloprid","Asian Citrus Psyllid","Population","Abundance","LOEL","2018","7","Khan,A., S. Shah, M. Zaman, and K. Habib (2018). Management of Asian Citrus Psyllids, Diaphorina citri Kuwayama, the Direct and Vector Pest of Citrus Via Synthetic Insecticides in Khyber Pakhtunkhwa, Pakistan. Pak. J. Agric. Res., 31, (4), 300-305. ECOREF#:184501"
"111988499","Thiacloprid","Asian Citrus Psyllid","Population","Abundance","NOEL","2018","1","Khan,A., S. Shah, M. Zaman, and K. Habib (2018). Management of Asian Citrus Psyllids, Diaphorina citri Kuwayama, the Direct and Vector Pest of Citrus Via Synthetic Insecticides in Khyber Pakhtunkhwa, Pakistan. Pak. J. Agric. Res., 31, (4), 300-305. ECOREF#:184501"
"111988499","Thiacloprid","Asian Lady Beetle","Mortality","Mortality","NR-LETH","2020","1","Holy,K., and J. Stara (2020). Laboratory Evaluation of the Effect of Insecticides on Chrysoperla carnea (Neuroptera: Chrysopidae), Forficula auricularia (Dermaptera: Forficulidae), Adalia bipunctata (Coleoptera: Coccinellidae) and Harmonia axyridis . Acta Univ. Agric. Silvic. Mend. Brun., 68, (3), 497-506. doi:10.11118/actaun202068030497. ECOREF#:185343"
"111988499","Thiacloprid","Asian Lady Beetle","Population","Abundance","NOEL","2018","2","Ding,J.F., H. Li, Z.Q. Zhang, J. Lin, F. Liu, and W. Mu (2018). Thiamethoxam, Clothianidin, and Imidacloprid Seed Treatments Effectively Control Thrips on Corn Under Field Conditions. J. Insect Sci., 18, (6), 8 p. doi:10.1093/jisesa/iey128. ECOREF#:183605"
"111988499","Thiacloprid","Asiatic Honey Bee","Behavior","Accuracy of learned task, performance","LOEL","2023","2","Shi,M., Y. Guo, Y.Y. Wu, P.L. Dai, S.J. Dai, Q.Y. Diao, and J. Gao (2023). Acute and Chronic Effects of Sublethal Neonicotinoid Thiacloprid to Asian Honey Bee (Apis cerana cerana). Pestic. Biochem. Physiol., 194, 10 p. doi:10.1016/j.pestbp.2023.105483. ECOREF#:191061"
"111988499","Thiacloprid","Asiatic Honey Bee","Behavior","Accuracy of learned task, performance","NOEL","2023","6","Shi,M., Y. Guo, Y.Y. Wu, P.L. Dai, S.J. Dai, Q.Y. Diao, and J. Gao (2023). Acute and Chronic Effects of Sublethal Neonicotinoid Thiacloprid to Asian Honey Bee (Apis cerana cerana). Pestic. Biochem. Physiol., 194, 10 p. doi:10.1016/j.pestbp.2023.105483. ECOREF#:191061"
"111988499","Thiacloprid","Asiatic Honey Bee","Behavior","Acquired task","LOEL","2023","1","Shi,M., Y. Guo, Y.Y. Wu, P.L. Dai, S.J. Dai, Q.Y. Diao, and J. Gao (2023). Acute and Chronic Effects of Sublethal Neonicotinoid Thiacloprid to Asian Honey Bee (Apis cerana cerana). Pestic. Biochem. Physiol., 194, 10 p. doi:10.1016/j.pestbp.2023.105483. ECOREF#:191061"
"111988499","Thiacloprid","Asiatic Honey Bee","Behavior","Acquired task","NOEL","2023","5","Shi,M., Y. Guo, Y.Y. Wu, P.L. Dai, S.J. Dai, Q.Y. Diao, and J. Gao (2023). Acute and Chronic Effects of Sublethal Neonicotinoid Thiacloprid to Asian Honey Bee (Apis cerana cerana). Pestic. Biochem. Physiol., 194, 10 p. doi:10.1016/j.pestbp.2023.105483. ECOREF#:191061"
"111988499","Thiacloprid","Asiatic Honey Bee","Behavior","Distance moved, change in direct movement","NOEL","2023","8","Shi,M., Y. Guo, Y.Y. Wu, P.L. Dai, S.J. Dai, Q.Y. Diao, and J. Gao (2023). Acute and Chronic Effects of Sublethal Neonicotinoid Thiacloprid to Asian Honey Bee (Apis cerana cerana). Pestic. Biochem. Physiol., 194, 10 p. doi:10.1016/j.pestbp.2023.105483. ECOREF#:191061"
"111988499","Thiacloprid","Asiatic Honey Bee","Enzyme(s)","Acetylcholinesterase","NOEL","2023","8","Shi,M., Y. Guo, Y.Y. Wu, P.L. Dai, S.J. Dai, Q.Y. Diao, and J. Gao (2023). Acute and Chronic Effects of Sublethal Neonicotinoid Thiacloprid to Asian Honey Bee (Apis cerana cerana). Pestic. Biochem. Physiol., 194, 10 p. doi:10.1016/j.pestbp.2023.105483. ECOREF#:191061"
"111988499","Thiacloprid","Asiatic Honey Bee","Enzyme(s)","Carboxylesterase","LOEL","2023","3","Shi,M., Y. Guo, Y.Y. Wu, P.L. Dai, S.J. Dai, Q.Y. Diao, and J. Gao (2023). Acute and Chronic Effects of Sublethal Neonicotinoid Thiacloprid to Asian Honey Bee (Apis cerana cerana). Pestic. Biochem. Physiol., 194, 10 p. doi:10.1016/j.pestbp.2023.105483. ECOREF#:191061"
"111988499","Thiacloprid","Asiatic Honey Bee","Enzyme(s)","Carboxylesterase","NOEL","2023","5","Shi,M., Y. Guo, Y.Y. Wu, P.L. Dai, S.J. Dai, Q.Y. Diao, and J. Gao (2023). Acute and Chronic Effects of Sublethal Neonicotinoid Thiacloprid to Asian Honey Bee (Apis cerana cerana). Pestic. Biochem. Physiol., 194, 10 p. doi:10.1016/j.pestbp.2023.105483. ECOREF#:191061"
"111988499","Thiacloprid","Asiatic Honey Bee","Enzyme(s)","Cytochrome P-450","LOEL","2023","7","Shi,M., Y. Guo, Y.Y. Wu, P.L. Dai, S.J. Dai, Q.Y. Diao, and J. Gao (2023). Acute and Chronic Effects of Sublethal Neonicotinoid Thiacloprid to Asian Honey Bee (Apis cerana cerana). Pestic. Biochem. Physiol., 194, 10 p. doi:10.1016/j.pestbp.2023.105483. ECOREF#:191061"
"111988499","Thiacloprid","Asiatic Honey Bee","Enzyme(s)","Cytochrome P-450","NOEL","2023","1","Shi,M., Y. Guo, Y.Y. Wu, P.L. Dai, S.J. Dai, Q.Y. Diao, and J. Gao (2023). Acute and Chronic Effects of Sublethal Neonicotinoid Thiacloprid to Asian Honey Bee (Apis cerana cerana). Pestic. Biochem. Physiol., 194, 10 p. doi:10.1016/j.pestbp.2023.105483. ECOREF#:191061"
"111988499","Thiacloprid","Asiatic Honey Bee","Feeding behavior","Feeding behavior","NOEL","2023","2","Shi,M., Y. Guo, Y.Y. Wu, P.L. Dai, S.J. Dai, Q.Y. Diao, and J. Gao (2023). Acute and Chronic Effects of Sublethal Neonicotinoid Thiacloprid to Asian Honey Bee (Apis cerana cerana). Pestic. Biochem. Physiol., 194, 10 p. doi:10.1016/j.pestbp.2023.105483. ECOREF#:191061"
"111988499","Thiacloprid","Asiatic Honey Bee","Genetics","Abaecin mRNA","LOEL","2023","3","Shi,M., Y. Guo, Y.Y. Wu, P.L. Dai, S.J. Dai, Q.Y. Diao, and J. Gao (2023). Acute and Chronic Effects of Sublethal Neonicotinoid Thiacloprid to Asian Honey Bee (Apis cerana cerana). Pestic. Biochem. Physiol., 194, 10 p. doi:10.1016/j.pestbp.2023.105483. ECOREF#:191061"
"111988499","Thiacloprid","Asiatic Honey Bee","Genetics","Cytochrome P450 6a14-like mRNA","LOEL","2023","4","Shi,M., Y. Guo, Y.Y. Wu, P.L. Dai, S.J. Dai, Q.Y. Diao, and J. Gao (2023). Acute and Chronic Effects of Sublethal Neonicotinoid Thiacloprid to Asian Honey Bee (Apis cerana cerana). Pestic. Biochem. Physiol., 194, 10 p. doi:10.1016/j.pestbp.2023.105483. ECOREF#:191061"
"111988499","Thiacloprid","Asiatic Honey Bee","Genetics","Flightin mRNA","LOEL","2023","3","Shi,M., Y. Guo, Y.Y. Wu, P.L. Dai, S.J. Dai, Q.Y. Diao, and J. Gao (2023). Acute and Chronic Effects of Sublethal Neonicotinoid Thiacloprid to Asian Honey Bee (Apis cerana cerana). Pestic. Biochem. Physiol., 194, 10 p. doi:10.1016/j.pestbp.2023.105483. ECOREF#:191061"
"111988499","Thiacloprid","Asiatic Honey Bee","Genetics","Flightin mRNA","NOEL","2023","1","Shi,M., Y. Guo, Y.Y. Wu, P.L. Dai, S.J. Dai, Q.Y. Diao, and J. Gao (2023). Acute and Chronic Effects of Sublethal Neonicotinoid Thiacloprid to Asian Honey Bee (Apis cerana cerana). Pestic. Biochem. Physiol., 194, 10 p. doi:10.1016/j.pestbp.2023.105483. ECOREF#:191061"
"111988499","Thiacloprid","Asiatic Honey Bee","Genetics","Gene expression","LOEL","2023","3","Shi,M., Y. Guo, Y.Y. Wu, P.L. Dai, S.J. Dai, Q.Y. Diao, and J. Gao (2023). Acute and Chronic Effects of Sublethal Neonicotinoid Thiacloprid to Asian Honey Bee (Apis cerana cerana). Pestic. Biochem. Physiol., 194, 10 p. doi:10.1016/j.pestbp.2023.105483. ECOREF#:191061"
"111988499","Thiacloprid","Asiatic Honey Bee","Genetics","Major royal jelly protein 5 mRNA","LOEL","2023","3","Shi,M., Y. Guo, Y.Y. Wu, P.L. Dai, S.J. Dai, Q.Y. Diao, and J. Gao (2023). Acute and Chronic Effects of Sublethal Neonicotinoid Thiacloprid to Asian Honey Bee (Apis cerana cerana). Pestic. Biochem. Physiol., 194, 10 p. doi:10.1016/j.pestbp.2023.105483. ECOREF#:191061"
"111988499","Thiacloprid","Asiatic Honey Bee","Genetics","Major royal jelly protein 5 mRNA","NOEL","2023","1","Shi,M., Y. Guo, Y.Y. Wu, P.L. Dai, S.J. Dai, Q.Y. Diao, and J. Gao (2023). Acute and Chronic Effects of Sublethal Neonicotinoid Thiacloprid to Asian Honey Bee (Apis cerana cerana). Pestic. Biochem. Physiol., 194, 10 p. doi:10.1016/j.pestbp.2023.105483. ECOREF#:191061"
"111988499","Thiacloprid","Asiatic Honey Bee","Genetics","Maltase 1 mRNA","LOEL","2023","3","Shi,M., Y. Guo, Y.Y. Wu, P.L. Dai, S.J. Dai, Q.Y. Diao, and J. Gao (2023). Acute and Chronic Effects of Sublethal Neonicotinoid Thiacloprid to Asian Honey Bee (Apis cerana cerana). Pestic. Biochem. Physiol., 194, 10 p. doi:10.1016/j.pestbp.2023.105483. ECOREF#:191061"
"111988499","Thiacloprid","Asiatic Honey Bee","Genetics","Maltase 1 mRNA","NOEL","2023","1","Shi,M., Y. Guo, Y.Y. Wu, P.L. Dai, S.J. Dai, Q.Y. Diao, and J. Gao (2023). Acute and Chronic Effects of Sublethal Neonicotinoid Thiacloprid to Asian Honey Bee (Apis cerana cerana). Pestic. Biochem. Physiol., 194, 10 p. doi:10.1016/j.pestbp.2023.105483. ECOREF#:191061"
"111988499","Thiacloprid","Asiatic Honey Bee","Genetics","Neprilysin-4-like mRNA","LOEL","2023","3","Shi,M., Y. Guo, Y.Y. Wu, P.L. Dai, S.J. Dai, Q.Y. Diao, and J. Gao (2023). Acute and Chronic Effects of Sublethal Neonicotinoid Thiacloprid to Asian Honey Bee (Apis cerana cerana). Pestic. Biochem. Physiol., 194, 10 p. doi:10.1016/j.pestbp.2023.105483. ECOREF#:191061"
"111988499","Thiacloprid","Asiatic Honey Bee","Genetics","Neprilysin-4-like mRNA","NOEL","2023","1","Shi,M., Y. Guo, Y.Y. Wu, P.L. Dai, S.J. Dai, Q.Y. Diao, and J. Gao (2023). Acute and Chronic Effects of Sublethal Neonicotinoid Thiacloprid to Asian Honey Bee (Apis cerana cerana). Pestic. Biochem. Physiol., 194, 10 p. doi:10.1016/j.pestbp.2023.105483. ECOREF#:191061"
"111988499","Thiacloprid","Asiatic Honey Bee","Mortality","Mortality","LC50","2023","1","Shi,M., Y. Guo, Y.Y. Wu, P.L. Dai, S.J. Dai, Q.Y. Diao, and J. Gao (2023). Acute and Chronic Effects of Sublethal Neonicotinoid Thiacloprid to Asian Honey Bee (Apis cerana cerana). Pestic. Biochem. Physiol., 194, 10 p. doi:10.1016/j.pestbp.2023.105483. ECOREF#:191061"
"111988499","Thiacloprid","Asiatic Honey Bee","Mortality","Survival","NOEL","2023","1","Shi,M., Y. Guo, Y.Y. Wu, P.L. Dai, S.J. Dai, Q.Y. Diao, and J. Gao (2023). Acute and Chronic Effects of Sublethal Neonicotinoid Thiacloprid to Asian Honey Bee (Apis cerana cerana). Pestic. Biochem. Physiol., 194, 10 p. doi:10.1016/j.pestbp.2023.105483. ECOREF#:191061"
"111988499","Thiacloprid","Beetle","Population","Abundance","LOEL","2017","2","Boopathi,T., K.S. Meena, M. Ravi, and K. Thirunavukarasu (2017). Impact of Insecticides on Spiralling Whitefly, Aleurodicus dispersus (Hemiptera: Aleyrodidae) and Its Natural Enemy Complex in Cassava Under Open Field Conditions. Crop Prot., 94, 137-143. doi:10.1016/j.cropro.2016.12.021. ECOREF#:175406"
"111988499","Thiacloprid","Braconid Wasp","Development","Emergence","LOEL","2015","1","Tabozada,E.O., S.M. Sayed, and S.A. El-Arnaouty (2015). Side Effects of Sublethal Concentration of Two Neonicotinoids; Thiamethoxam and Thiacloprid on the Larval Parasitoid, Bracon brevicornis (Hymenoptera: Braconidae). Am. J. Exp. Agric., 5, (1), 29-35. doi:10.9734/AJEA/2015/12469. ECOREF#:183597"
"111988499","Thiacloprid","Braconid Wasp","Development","Pupation","NOEL","2015","1","Tabozada,E.O., S.M. Sayed, and S.A. El-Arnaouty (2015). Side Effects of Sublethal Concentration of Two Neonicotinoids; Thiamethoxam and Thiacloprid on the Larval Parasitoid, Bracon brevicornis (Hymenoptera: Braconidae). Am. J. Exp. Agric., 5, (1), 29-35. doi:10.9734/AJEA/2015/12469. ECOREF#:183597"
"111988499","Thiacloprid","Braconid Wasp","Development","Stage","NOEL","2015","1","Tabozada,E.O., S.M. Sayed, and S.A. El-Arnaouty (2015). Side Effects of Sublethal Concentration of Two Neonicotinoids; Thiamethoxam and Thiacloprid on the Larval Parasitoid, Bracon brevicornis (Hymenoptera: Braconidae). Am. J. Exp. Agric., 5, (1), 29-35. doi:10.9734/AJEA/2015/12469. ECOREF#:183597"
"111988499","Thiacloprid","Braconid Wasp","Mortality","Lifespan","LOEL","2015","2","Tabozada,E.O., S.M. Sayed, and S.A. El-Arnaouty (2015). Side Effects of Sublethal Concentration of Two Neonicotinoids; Thiamethoxam and Thiacloprid on the Larval Parasitoid, Bracon brevicornis (Hymenoptera: Braconidae). Am. J. Exp. Agric., 5, (1), 29-35. doi:10.9734/AJEA/2015/12469. ECOREF#:183597"
"111988499","Thiacloprid","Braconid Wasp","Population","Sex ratio","LOEL","2015","1","Tabozada,E.O., S.M. Sayed, and S.A. El-Arnaouty (2015). Side Effects of Sublethal Concentration of Two Neonicotinoids; Thiamethoxam and Thiacloprid on the Larval Parasitoid, Bracon brevicornis (Hymenoptera: Braconidae). Am. J. Exp. Agric., 5, (1), 29-35. doi:10.9734/AJEA/2015/12469. ECOREF#:183597"
"111988499","Thiacloprid","Buff Tailed Bumblebee","Behavior","Accuracy of learned task, performance","LOEL","2020","2","Jeker,L., and D. Grossar (2020). Under Review: Data Requirements and Method Development of a New Bee Risk Assessment Scheme for Plant Protection Product Registration. Chimia, 74, (3), 176-182. doi:10.2533/chimia.2020.176. ECOREF#:183873"
"111988499","Thiacloprid","Buff Tailed Bumblebee","Behavior","Accuracy of learned task, performance","NOEL","2020","4","Jeker,L., and D. Grossar (2020). Under Review: Data Requirements and Method Development of a New Bee Risk Assessment Scheme for Plant Protection Product Registration. Chimia, 74, (3), 176-182. doi:10.2533/chimia.2020.176. ECOREF#:183873"
"111988499","Thiacloprid","Buff Tailed Bumblebee","Behavior","Search/explore/forage behavior","LOEL","2021","1","Van Oystaeyen,A., B.K. Klatt, C. Petit, N. Lenaerts, and F. Wackers (2021). Short-Term Lab Assessments and Microcolonies are Insufficient for the Risk Assessment of Insecticides for Bees. Chemosphere, 273, 10 p. doi:10.1016/j.chemosphere.2020.128518. ECOREF#:186733"
"111988499","Thiacloprid","Buff Tailed Bumblebee","Feeding behavior","Feeding behavior","LOEL","2021","1","Van Oystaeyen,A., B.K. Klatt, C. Petit, N. Lenaerts, and F. Wackers (2021). Short-Term Lab Assessments and Microcolonies are Insufficient for the Risk Assessment of Insecticides for Bees. Chemosphere, 273, 10 p. doi:10.1016/j.chemosphere.2020.128518. ECOREF#:186733"
"111988499","Thiacloprid","Buff Tailed Bumblebee","Mortality","Mortality","LD50","2018","2","Manjon,C., B.J. Troczka, M. Zaworra, K. Beadle, E. Randall, G. Hertlein, K.S. Singh, C.T. Zimmer, R.A. Homem, B. Lueke, (2018). Unravelling the Molecular Determinants of Bee Sensitivity to Neonicotinoid Insecticides. Curr. Biol., 28, (7), 1137-1144. doi:10.1016/j.cub.2018.02.045. ECOREF#:183814"
"111988499","Thiacloprid","Buff Tailed Bumblebee","Mortality","Mortality","NOEL","2021","1","Van Oystaeyen,A., B.K. Klatt, C. Petit, N. Lenaerts, and F. Wackers (2021). Short-Term Lab Assessments and Microcolonies are Insufficient for the Risk Assessment of Insecticides for Bees. Chemosphere, 273, 10 p. doi:10.1016/j.chemosphere.2020.128518. ECOREF#:186733"
"111988499","Thiacloprid","Buff Tailed Bumblebee","Population","Abundance","LOEL","2021","1","Van Oystaeyen,A., B.K. Klatt, C. Petit, N. Lenaerts, and F. Wackers (2021). Short-Term Lab Assessments and Microcolonies are Insufficient for the Risk Assessment of Insecticides for Bees. Chemosphere, 273, 10 p. doi:10.1016/j.chemosphere.2020.128518. ECOREF#:186733"
"111988499","Thiacloprid","Buff Tailed Bumblebee","Population","Abundance","NOEL","2021","6","Van Oystaeyen,A., B.K. Klatt, C. Petit, N. Lenaerts, and F. Wackers (2021). Short-Term Lab Assessments and Microcolonies are Insufficient for the Risk Assessment of Insecticides for Bees. Chemosphere, 273, 10 p. doi:10.1016/j.chemosphere.2020.128518. ECOREF#:186733"
"111988499","Thiacloprid","Buff Tailed Bumblebee","Population","Sex ratio","NOEL","2021","1","Van Oystaeyen,A., B.K. Klatt, C. Petit, N. Lenaerts, and F. Wackers (2021). Short-Term Lab Assessments and Microcolonies are Insufficient for the Risk Assessment of Insecticides for Bees. Chemosphere, 273, 10 p. doi:10.1016/j.chemosphere.2020.128518. ECOREF#:186733"
"111988499","Thiacloprid","Buff Tailed Bumblebee","Population","Weight","LOEL","2021","2","Van Oystaeyen,A., B.K. Klatt, C. Petit, N. Lenaerts, and F. Wackers (2021). Short-Term Lab Assessments and Microcolonies are Insufficient for the Risk Assessment of Insecticides for Bees. Chemosphere, 273, 10 p. doi:10.1016/j.chemosphere.2020.128518. ECOREF#:186733"
"111988499","Thiacloprid","Buff Tailed Bumblebee","Population","Weight","NOEL","2021","2","Van Oystaeyen,A., B.K. Klatt, C. Petit, N. Lenaerts, and F. Wackers (2021). Short-Term Lab Assessments and Microcolonies are Insufficient for the Risk Assessment of Insecticides for Bees. Chemosphere, 273, 10 p. doi:10.1016/j.chemosphere.2020.128518. ECOREF#:186733"
"111988499","Thiacloprid","Buff Tailed Bumblebee","Reproduction","Progeny counts/numbers","LOEL","2021","1","Van Oystaeyen,A., B.K. Klatt, C. Petit, N. Lenaerts, and F. Wackers (2021). Short-Term Lab Assessments and Microcolonies are Insufficient for the Risk Assessment of Insecticides for Bees. Chemosphere, 273, 10 p. doi:10.1016/j.chemosphere.2020.128518. ECOREF#:186733"
"111988499","Thiacloprid","Buff Tailed Bumblebee","Reproduction","Reproducing organisms","LOEL","2021","1","Van Oystaeyen,A., B.K. Klatt, C. Petit, N. Lenaerts, and F. Wackers (2021). Short-Term Lab Assessments and Microcolonies are Insufficient for the Risk Assessment of Insecticides for Bees. Chemosphere, 273, 10 p. doi:10.1016/j.chemosphere.2020.128518. ECOREF#:186733"
"111988499","Thiacloprid","Buff Tailed Bumblebee","Reproduction","Reproducing organisms","NOEL","2021","1","Van Oystaeyen,A., B.K. Klatt, C. Petit, N. Lenaerts, and F. Wackers (2021). Short-Term Lab Assessments and Microcolonies are Insufficient for the Risk Assessment of Insecticides for Bees. Chemosphere, 273, 10 p. doi:10.1016/j.chemosphere.2020.128518. ECOREF#:186733"
"111988499","Thiacloprid","Buff-tailed Bumblebee","Mortality","Mortality","LD50","2020","4","Reid,R.J., B.J. Troczka, L. Kor, E. Randall, M.S. Williamson, L.M. Field, R. Nauen, C. Bass, and T.G.E. Davies (2020). Assessing the Acute Toxicity of Insecticides to the Buff-Tailed Bumblebee (Bombus terrestris Audax). Pestic. Biochem. Physiol., 166, 8 p. doi:10.1016/j.pestbp.2020.104562. ECOREF#:184486"
"111988499","Thiacloprid","Cabbage Stem Flea Beetle","Mortality","Mortality","LC50","2019","10","Stara,J., and F. Kocourek (2019). Cabbage Stem Flea Beetle's (Psylliodes chrysocephala L.) Susceptibility to Pyrethroids and Tolerance to Thiacloprid in the Czech Republic. PLoS One, 14, (9), 12 p. doi:10.1371/journal.pone.0214702. ECOREF#:186705"
"111988499","Thiacloprid","Cabbage Stem Flea Beetle","Mortality","Mortality","NR","2019","4","Stara,J., and F. Kocourek (2019). Cabbage Stem Flea Beetle's (Psylliodes chrysocephala L.) Susceptibility to Pyrethroids and Tolerance to Thiacloprid in the Czech Republic. PLoS One, 14, (9), 12 p. doi:10.1371/journal.pone.0214702. ECOREF#:186705"
"111988499","Thiacloprid","Cabbage Stem Flea Beetle","Mortality","Mortality","NR-ZERO","2019","2","Stara,J., and F. Kocourek (2019). Cabbage Stem Flea Beetle's (Psylliodes chrysocephala L.) Susceptibility to Pyrethroids and Tolerance to Thiacloprid in the Czech Republic. PLoS One, 14, (9), 12 p. doi:10.1371/journal.pone.0214702. ECOREF#:186705"
"111988499","Thiacloprid","Cabbage Stem Flea Beetle","Population","Abundance","NOEL","2019","3","Stara,J., and F. Kocourek (2019). Cabbage Stem Flea Beetle's (Psylliodes chrysocephala L.) Susceptibility to Pyrethroids and Tolerance to Thiacloprid in the Czech Republic. PLoS One, 14, (9), 12 p. doi:10.1371/journal.pone.0214702. ECOREF#:186705"
"111988499","Thiacloprid","Carniolan Honey Bee","Biochemistry","Acetylcholine","NOEL","2016","2","Wessler,I., H.A. Gartner, R. Michel-Schmidt, C. Brochhausen, L. Schmitz, L. Anspach, B. Grunewald, and C.J. Kirkpatrick (2016). Honeybees Produce Millimolar Concentrations of Non-Neuronal Acetylcholine for Breeding: Possible Adverse Effects of Neonicotinoids. PLoS One, 11, (6), 18. doi:10.1371/journal.pone.0156886. ECOREF#:183584"
"111988499","Thiacloprid","Carniolan Honey Bee","Biochemistry","Multiple measurement terms entered","NR","2016","1","Wessler,I., H.A. Gartner, R. Michel-Schmidt, C. Brochhausen, L. Schmitz, L. Anspach, B. Grunewald, and C.J. Kirkpatrick (2016). Honeybees Produce Millimolar Concentrations of Non-Neuronal Acetylcholine for Breeding: Possible Adverse Effects of Neonicotinoids. PLoS One, 11, (6), 18. doi:10.1371/journal.pone.0156886. ECOREF#:183584"
"111988499","Thiacloprid","Carniolan Honey Bee","Cell(s)","Hemocyte","LOEL","2016","1","Brandt,A., A. Gorenflo, R. Siede, M. Meixner, and R. Buchler (2016). The Neonicotinoids Thiacloprid, Imidacloprid, and Clothianidin Affect the Immunocompetence of Honey Bees (Apis mellifera L.). J. Insect Physiol., 86, 40-47. doi:10.1016/j.jinsphys.2016.01.001. ECOREF#:173124"
"111988499","Thiacloprid","Carniolan Honey Bee","Development","Abnormal","NR","2016","1","Wessler,I., H.A. Gartner, R. Michel-Schmidt, C. Brochhausen, L. Schmitz, L. Anspach, B. Grunewald, and C.J. Kirkpatrick (2016). Honeybees Produce Millimolar Concentrations of Non-Neuronal Acetylcholine for Breeding: Possible Adverse Effects of Neonicotinoids. PLoS One, 11, (6), 18. doi:10.1371/journal.pone.0156886. ECOREF#:183584"
"111988499","Thiacloprid","Carniolan Honey Bee","Development","Slowed, Retarded, Delayed or Non-development","LOEL","2020","3","Siefert,P., R. Hota, V. Ramesh, and B. Grunewald (2020). Chronic Within-Hive Video Recordings Detect Altered Nursing Behaviour and Retarded Larval Development of Neonicotinoid Treated Honey Bees. Sci. Rep., 10, (1), 15. doi:10.1038/s41598-020-65425-y. ECOREF#:183667"
"111988499","Thiacloprid","Carniolan Honey Bee","Development","Slowed, Retarded, Delayed or Non-development","NOEL","2020","1","Siefert,P., R. Hota, V. Ramesh, and B. Grunewald (2020). Chronic Within-Hive Video Recordings Detect Altered Nursing Behaviour and Retarded Larval Development of Neonicotinoid Treated Honey Bees. Sci. Rep., 10, (1), 15. doi:10.1038/s41598-020-65425-y. ECOREF#:183667"
"111988499","Thiacloprid","Carniolan Honey Bee","Feeding behavior","Feeding behavior","LOEL","2020","36","Siefert,P., R. Hota, V. Ramesh, and B. Grunewald (2020). Chronic Within-Hive Video Recordings Detect Altered Nursing Behaviour and Retarded Larval Development of Neonicotinoid Treated Honey Bees. Sci. Rep., 10, (1), 15. doi:10.1038/s41598-020-65425-y. ECOREF#:183667"
"111988499","Thiacloprid","Carniolan Honey Bee","Feeding behavior","Feeding behavior","NOEL","2020","84","Siefert,P., R. Hota, V. Ramesh, and B. Grunewald (2020). Chronic Within-Hive Video Recordings Detect Altered Nursing Behaviour and Retarded Larval Development of Neonicotinoid Treated Honey Bees. Sci. Rep., 10, (1), 15. doi:10.1038/s41598-020-65425-y. ECOREF#:183667"
"111988499","Thiacloprid","Carniolan Honey Bee","Histology","Multiple measurement terms entered","NR","2016","1","Wessler,I., H.A. Gartner, R. Michel-Schmidt, C. Brochhausen, L. Schmitz, L. Anspach, B. Grunewald, and C.J. Kirkpatrick (2016). Honeybees Produce Millimolar Concentrations of Non-Neuronal Acetylcholine for Breeding: Possible Adverse Effects of Neonicotinoids. PLoS One, 11, (6), 18. doi:10.1371/journal.pone.0156886. ECOREF#:183584"
"111988499","Thiacloprid","Carniolan Honey Bee","Immunological","Encapsulation or Melanization Response","LOEL","2016","1","Brandt,A., A. Gorenflo, R. Siede, M. Meixner, and R. Buchler (2016). The Neonicotinoids Thiacloprid, Imidacloprid, and Clothianidin Affect the Immunocompetence of Honey Bees (Apis mellifera L.). J. Insect Physiol., 86, 40-47. doi:10.1016/j.jinsphys.2016.01.001. ECOREF#:173124"
"111988499","Thiacloprid","Carniolan Honey Bee","Immunological","Infected","LOEL","2016","1","Brandt,A., A. Gorenflo, R. Siede, M. Meixner, and R. Buchler (2016). The Neonicotinoids Thiacloprid, Imidacloprid, and Clothianidin Affect the Immunocompetence of Honey Bees (Apis mellifera L.). J. Insect Physiol., 86, 40-47. doi:10.1016/j.jinsphys.2016.01.001. ECOREF#:173124"
"111988499","Thiacloprid","Carniolan Honey Bee","Morphology","Weight","LOEL","2016","1","Wessler,I., H.A. Gartner, R. Michel-Schmidt, C. Brochhausen, L. Schmitz, L. Anspach, B. Grunewald, and C.J. Kirkpatrick (2016). Honeybees Produce Millimolar Concentrations of Non-Neuronal Acetylcholine for Breeding: Possible Adverse Effects of Neonicotinoids. PLoS One, 11, (6), 18. doi:10.1371/journal.pone.0156886. ECOREF#:183584"
"111988499","Thiacloprid","Chalcid Wasp","Mortality","Mortality","LOEL","2021","2","Radrigan-Navarro,C., E.H. Beers, A. Alvear, and E. Fuentes-Contreras (2021). Acute Toxicity of Lethal and Sublethal Concentrations of Neonicotinoid, Insect Growth Regulator and Diamide Insecticides on Natural Enemies of the Woolly Apple Aphid and the Obscure Mealybug. Chil. J. Agric. Res., 81, (3), 398-407. doi:10.4067/S0718-58392021000300398. ECOREF#:187340"
"111988499","Thiacloprid","Earwig","Mortality","Mortality","NR-ZERO","2020","1","Holy,K., and J. Stara (2020). Laboratory Evaluation of the Effect of Insecticides on Chrysoperla carnea (Neuroptera: Chrysopidae), Forficula auricularia (Dermaptera: Forficulidae), Adalia bipunctata (Coleoptera: Coccinellidae) and Harmonia axyridis . Acta Univ. Agric. Silvic. Mend. Brun., 68, (3), 497-506. doi:10.11118/actaun202068030497. ECOREF#:185343"
"111988499","Thiacloprid","Fruit Fly","Mortality","Mortality","LC50","2019","1","Beadle,K., K.S. Singh, B.J. Troczka, E. Randall, M. Zaworra, C.T. Zimmer, A. Hayward, R. Reid, L. Kor, M. Kohler, B. Bu (2019). Genomic Insights into Neonicotinoid Sensitivity in the Solitary Bee Osmia bicornis. PLoS Genet., 15, (2), 19 p. doi:10.1371/journal.pgen.1007903. ECOREF#:191117"
"111988499","Thiacloprid","Glasshouse Potato Wasp","Intoxication","Knockdown","LOEL","2019","5","Willow,J., A. Silva, E. Veromann, and G. Smagghe (2019). Acute Effect of Low-Dose Thiacloprid Exposure Synergised by Tebuconazole in a Parasitoid Wasp. PLoS One, 14, (2), 13 p. doi:10.1371/journal.pone.0212456. ECOREF#:179704"
"111988499","Thiacloprid","Glasshouse Potato Wasp","Mortality","Mortality","LOEL","2019","3","Willow,J., A. Silva, E. Veromann, and G. Smagghe (2019). Acute Effect of Low-Dose Thiacloprid Exposure Synergised by Tebuconazole in a Parasitoid Wasp. PLoS One, 14, (2), 13 p. doi:10.1371/journal.pone.0212456. ECOREF#:179704"
"111988499","Thiacloprid","Glasshouse Potato Wasp","Mortality","Mortality","NOEL","2019","2","Willow,J., A. Silva, E. Veromann, and G. Smagghe (2019). Acute Effect of Low-Dose Thiacloprid Exposure Synergised by Tebuconazole in a Parasitoid Wasp. PLoS One, 14, (2), 13 p. doi:10.1371/journal.pone.0212456. ECOREF#:179704"
"111988499","Thiacloprid","Ground Dwelling Spider","Behavior","Web-building","LOEL","2019","3","Rezac,M., V. Rezacova, and P. Heneberg (2019). Neonicotinoid Insecticides Limit the Potential of Spiders to Re-Colonize Disturbed Agroecosystems When Using Silk-Mediated Dispersal. Sci. Rep., 9, 10 p. ECOREF#:183892"
"111988499","Thiacloprid","Ground Dwelling Spider","Behavior","Web-building","NOEL","2019","1","Rezac,M., V. Rezacova, and P. Heneberg (2019). Neonicotinoid Insecticides Limit the Potential of Spiders to Re-Colonize Disturbed Agroecosystems When Using Silk-Mediated Dispersal. Sci. Rep., 9, 10 p. ECOREF#:183892"
"111988499","Thiacloprid","Ground Dwelling Spider","Mortality","Mortality","LOEL","2019","2","Rezac,M., V. Rezacova, and P. Heneberg (2019). Neonicotinoid Insecticides Limit the Potential of Spiders to Re-Colonize Disturbed Agroecosystems When Using Silk-Mediated Dispersal. Sci. Rep., 9, 10 p. ECOREF#:183892"
"111988499","Thiacloprid","Honey Bee","Avoidance","Food avoidance","LOEL","2017","1","Kang,M., and C. Jung (2017). Avoidance Behavior of Honey Bee, Apis mellifera from Commonly Used Fungicides, Acaricides and Insecticides in Apple Orchards. J. Apic. Res., 32, (4), 295-302. doi:10.17519/apiculture.2017.11.32.4.295. ECOREF#:187239"
"111988499","Thiacloprid","Honey Bee","Behavior","Distance moved, change in direct movement","LOEL","2019","4","Jacob,C.R.O., J.B. Malaquias, O.Z. Zanardi, C.A.S. Silva, J.F.O. Jacob, and P.T. Yamamoto (2019). Oral Acute Toxicity and Impact of Neonicotinoids on Apis mellifera L. and Scaptotrigona Postica latreille (Hymenoptera: Apidae). Ecotoxicology, 28, (7), 744-753. doi:10.1007/s10646-019-02070-w. ECOREF#:184482"
"111988499","Thiacloprid","Honey Bee","Behavior","Distance moved, change in direct movement","NOEL","2019","1","Jacob,C.R.O., J.B. Malaquias, O.Z. Zanardi, C.A.S. Silva, J.F.O. Jacob, and P.T. Yamamoto (2019). Oral Acute Toxicity and Impact of Neonicotinoids on Apis mellifera L. and Scaptotrigona Postica latreille (Hymenoptera: Apidae). Ecotoxicology, 28, (7), 744-753. doi:10.1007/s10646-019-02070-w. ECOREF#:184482"
"111988499","Thiacloprid","Honey Bee","Cell(s)","Hemocyte","LOEL","2017","3","Brandt,A., K. Grikscheit, R. Siede, R. Grosse, M.D. Meixner, and R. Buchler (2017). Immunosuppression in Honeybee Queens by the Neonicotinoids Thiacloprid and Clothianidin. Sci. Rep., 7, 12. doi:10.1038/s41598-017-00047-5. ECOREF#:183557"
"111988499","Thiacloprid","Honey Bee","Cell(s)","Hemocyte","NOEL","2017","3","Brandt,A., K. Grikscheit, R. Siede, R. Grosse, M.D. Meixner, and R. Buchler (2017). Immunosuppression in Honeybee Queens by the Neonicotinoids Thiacloprid and Clothianidin. Sci. Rep., 7, 12. doi:10.1038/s41598-017-00047-5. ECOREF#:183557"
"111988499","Thiacloprid","Honey Bee","Feeding behavior","Food consumption","NOEL","2017","2","Brandt,A., K. Grikscheit, R. Siede, R. Grosse, M.D. Meixner, and R. Buchler (2017). Immunosuppression in Honeybee Queens by the Neonicotinoids Thiacloprid and Clothianidin. Sci. Rep., 7, 12. doi:10.1038/s41598-017-00047-5. ECOREF#:183557"
"111988499","Thiacloprid","Honey Bee","Feeding behavior","Food consumption","NOEL","2021","1","Bommuraj,V., Y. Chen, M. Birenboim, S. Barel, and J.A. Shimshoni (2021). Concentration- and Time-Dependent Toxicity of Commonly Encountered Pesticides and Pesticide Mixtures to Honeybees (Apis mellifera L.). Chemosphere, 266, 11 p. doi:10.1016/j.chemosphere.2020.128974. ECOREF#:186740"
"111988499","Thiacloprid","Honey Bee","Genetics","Cytochrome P450 mRNA","IC50","2021","3","Haas,J., and R. Nauen (2021). Pesticide Risk Assessment at the Molecular Level Using Honey Bee Cytochrome P450 Enzymes: A Complementary Approach. Environ. Int., 147, 8 p. doi:10.1016/j.envint.2020.106372. ECOREF#:187219"
"111988499","Thiacloprid","Honey Bee","Growth","Size","NOEL","2017","1","Brandt,A., K. Grikscheit, R. Siede, R. Grosse, M.D. Meixner, and R. Buchler (2017). Immunosuppression in Honeybee Queens by the Neonicotinoids Thiacloprid and Clothianidin. Sci. Rep., 7, 12. doi:10.1038/s41598-017-00047-5. ECOREF#:183557"
"111988499","Thiacloprid","Honey Bee","Immunological","Encapsulation or Melanization Response","LOEL","2017","1","Brandt,A., K. Grikscheit, R. Siede, R. Grosse, M.D. Meixner, and R. Buchler (2017). Immunosuppression in Honeybee Queens by the Neonicotinoids Thiacloprid and Clothianidin. Sci. Rep., 7, 12. doi:10.1038/s41598-017-00047-5. ECOREF#:183557"
"111988499","Thiacloprid","Honey Bee","Immunological","Immunity, general","LOEL","2017","1","Brandt,A., K. Grikscheit, R. Siede, R. Grosse, M.D. Meixner, and R. Buchler (2017). Immunosuppression in Honeybee Queens by the Neonicotinoids Thiacloprid and Clothianidin. Sci. Rep., 7, 12. doi:10.1038/s41598-017-00047-5. ECOREF#:183557"
"111988499","Thiacloprid","Honey Bee","Intoxication","Immobile","LOEL","2018","3","Karahan,A., M.A. Kutlu, and I. Karaca (2018). Determination of the Effect of Some Pesticides on Honey Bees. Int. J. Agric. Environ. Food Sci., 2, (3), 104-108. doi:10.31015/jaefs.18017. ECOREF#:187237"
"111988499","Thiacloprid","Honey Bee","Mortality","Mortality","LC50","2019","1","Jacob,C.R.O., J.B. Malaquias, O.Z. Zanardi, C.A.S. Silva, J.F.O. Jacob, and P.T. Yamamoto (2019). Oral Acute Toxicity and Impact of Neonicotinoids on Apis mellifera L. and Scaptotrigona Postica latreille (Hymenoptera: Apidae). Ecotoxicology, 28, (7), 744-753. doi:10.1007/s10646-019-02070-w. ECOREF#:184482"
"111988499","Thiacloprid","Honey Bee","Mortality","Mortality","LC50","2021","4","Bommuraj,V., Y. Chen, M. Birenboim, S. Barel, and J.A. Shimshoni (2021). Concentration- and Time-Dependent Toxicity of Commonly Encountered Pesticides and Pesticide Mixtures to Honeybees (Apis mellifera L.). Chemosphere, 266, 11 p. doi:10.1016/j.chemosphere.2020.128974. ECOREF#:186740"
"111988499","Thiacloprid","Honey Bee","Mortality","Mortality","LD50","2019","2","Ulziibayar,D., and C. Jung (2019). Comparison of Acute Toxicity of Different Groups of Pesticides to Honey Bee Workers (Apis mellifera L.). J. Apic. Res., 34, (4), 305-313. doi:10.17519/apiculture.2019.11.34.4.305. ECOREF#:187214"
"111988499","Thiacloprid","Honey Bee","Mortality","Mortality","LD50","2020","4","U.S.Environmental Protection Agency (2020). Pesticide Ecotoxicity Database: Bee Studies. Contact: Lee Kyle - Email: Kyle.Lee@epa.gov, ECOREF#:184644"
"111988499","Thiacloprid","Honey Bee","Mortality","Mortality","LD50","2021","1","Haas,J., and R. Nauen (2021). Pesticide Risk Assessment at the Molecular Level Using Honey Bee Cytochrome P450 Enzymes: A Complementary Approach. Environ. Int., 147, 8 p. doi:10.1016/j.envint.2020.106372. ECOREF#:187219"
"111988499","Thiacloprid","Honey Bee","Mortality","Mortality","LT50","2021","2","Bommuraj,V., Y. Chen, M. Birenboim, S. Barel, and J.A. Shimshoni (2021). Concentration- and Time-Dependent Toxicity of Commonly Encountered Pesticides and Pesticide Mixtures to Honeybees (Apis mellifera L.). Chemosphere, 266, 11 p. doi:10.1016/j.chemosphere.2020.128974. ECOREF#:186740"
"111988499","Thiacloprid","Honey Bee","Mortality","Mortality","NOEL","2017","1","Brandt,A., K. Grikscheit, R. Siede, R. Grosse, M.D. Meixner, and R. Buchler (2017). Immunosuppression in Honeybee Queens by the Neonicotinoids Thiacloprid and Clothianidin. Sci. Rep., 7, 12. doi:10.1038/s41598-017-00047-5. ECOREF#:183557"
"111988499","Thiacloprid","Honey Bee","Mortality","Mortality","NOEL","2020","2","U.S.Environmental Protection Agency (2020). Pesticide Ecotoxicity Database: Bee Studies. Contact: Lee Kyle - Email: Kyle.Lee@epa.gov, ECOREF#:184644"
"111988499","Thiacloprid","Honey Bee","Mortality","Mortality","NR","2019","1","Ulziibayar,D., and C. Jung (2019). Comparison of Acute Toxicity of Different Groups of Pesticides to Honey Bee Workers (Apis mellifera L.). J. Apic. Res., 34, (4), 305-313. doi:10.17519/apiculture.2019.11.34.4.305. ECOREF#:187214"
"111988499","Thiacloprid","Honey Bee","Mortality","Mortality","NR-LETH","2018","3","Imran,M., T. Naseem, A. Iqbal, K. Mahmood, and U.A.A. Sheikh (2018). Assessment of Sensitivity Level of Honeybee (Apis mellifera) to Neonicotinoid Insecticides. Asian J. Agric. Biol., 6, (3), 327-334. ECOREF#:187222"
"111988499","Thiacloprid","Honey Bee","Mortality","Mortality","NR-ZERO","2018","1","Imran,M., T. Naseem, A. Iqbal, K. Mahmood, and U.A.A. Sheikh (2018). Assessment of Sensitivity Level of Honeybee (Apis mellifera) to Neonicotinoid Insecticides. Asian J. Agric. Biol., 6, (3), 327-334. ECOREF#:187222"
"111988499","Thiacloprid","Honey Bee","Mortality","Survival","NOEL","2017","1","Brandt,A., K. Grikscheit, R. Siede, R. Grosse, M.D. Meixner, and R. Buchler (2017). Immunosuppression in Honeybee Queens by the Neonicotinoids Thiacloprid and Clothianidin. Sci. Rep., 7, 12. doi:10.1038/s41598-017-00047-5. ECOREF#:183557"
"111988499","Thiacloprid","Lacewing","Population","Abundance","LOEL","2017","2","Boopathi,T., K.S. Meena, M. Ravi, and K. Thirunavukarasu (2017). Impact of Insecticides on Spiralling Whitefly, Aleurodicus dispersus (Hemiptera: Aleyrodidae) and Its Natural Enemy Complex in Cassava Under Open Field Conditions. Crop Prot., 94, 137-143. doi:10.1016/j.cropro.2016.12.021. ECOREF#:175406"
"111988499","Thiacloprid","Lady Beetle","Population","Abundance","LOEL","2017","2","Boopathi,T., K.S. Meena, M. Ravi, and K. Thirunavukarasu (2017). Impact of Insecticides on Spiralling Whitefly, Aleurodicus dispersus (Hemiptera: Aleyrodidae) and Its Natural Enemy Complex in Cassava Under Open Field Conditions. Crop Prot., 94, 137-143. doi:10.1016/j.cropro.2016.12.021. ECOREF#:175406"
"111988499","Thiacloprid","Leafhopper","Population","Abundance","LOEL","2015","3","Chaudhari,A.J., D.M. Korat, and M.R. Dabhi (2015). Bio-Efficacy of Newer Insecticides Against Major Insect Pests of Indian Bean, Lablab purpureus L. L. Krishna Naik, 28, (4), 616-619. ECOREF#:187435"
"111988499","Thiacloprid","Linyphiid Spider","Population","Abundance","NOEL","2018","2","Ding,J.F., H. Li, Z.Q. Zhang, J. Lin, F. Liu, and W. Mu (2018). Thiamethoxam, Clothianidin, and Imidacloprid Seed Treatments Effectively Control Thrips on Corn Under Field Conditions. J. Insect Sci., 18, (6), 8 p. doi:10.1093/jisesa/iey128. ECOREF#:183605"
"111988499","Thiacloprid","Mexican Beetle","Development","Pupation","LOEL","2020","2","Hasan,F., S. Mahboob, K.A. Al-Ghanim, F. Al-Misned, M.K. Dhillon, and U. Manzoor (2020). Ecotoxicity of Neonicotinoids and Diamides on Population Growth Performance of Zygogramma bicolorata (Coleoptera: Chrysomelidae). Ecotoxicol. Environ. Saf., 203, 10 p. doi:10.1016/j.ecoenv.2020.110998. ECOREF#:184751"
"111988499","Thiacloprid","Mexican Beetle","Development","Stage","LOEL","2020","6","Hasan,F., S. Mahboob, K.A. Al-Ghanim, F. Al-Misned, M.K. Dhillon, and U. Manzoor (2020). Ecotoxicity of Neonicotinoids and Diamides on Population Growth Performance of Zygogramma bicolorata (Coleoptera: Chrysomelidae). Ecotoxicol. Environ. Saf., 203, 10 p. doi:10.1016/j.ecoenv.2020.110998. ECOREF#:184751"
"111988499","Thiacloprid","Mexican Beetle","Mortality","Lifespan","LOEL","2020","2","Hasan,F., S. Mahboob, K.A. Al-Ghanim, F. Al-Misned, M.K. Dhillon, and U. Manzoor (2020). Ecotoxicity of Neonicotinoids and Diamides on Population Growth Performance of Zygogramma bicolorata (Coleoptera: Chrysomelidae). Ecotoxicol. Environ. Saf., 203, 10 p. doi:10.1016/j.ecoenv.2020.110998. ECOREF#:184751"
"111988499","Thiacloprid","Mexican Beetle","Mortality","Mortality","LOEL","2020","1","Hasan,F., S. Mahboob, K.A. Al-Ghanim, F. Al-Misned, M.K. Dhillon, and U. Manzoor (2020). Ecotoxicity of Neonicotinoids and Diamides on Population Growth Performance of Zygogramma bicolorata (Coleoptera: Chrysomelidae). Ecotoxicol. Environ. Saf., 203, 10 p. doi:10.1016/j.ecoenv.2020.110998. ECOREF#:184751"
"111988499","Thiacloprid","Mexican Beetle","Mortality","Survival","LOEL","2020","1","Hasan,F., S. Mahboob, K.A. Al-Ghanim, F. Al-Misned, M.K. Dhillon, and U. Manzoor (2020). Ecotoxicity of Neonicotinoids and Diamides on Population Growth Performance of Zygogramma bicolorata (Coleoptera: Chrysomelidae). Ecotoxicol. Environ. Saf., 203, 10 p. doi:10.1016/j.ecoenv.2020.110998. ECOREF#:184751"
"111988499","Thiacloprid","Mexican Beetle","Population","Finite Rate of Increase","LOEL","2020","1","Hasan,F., S. Mahboob, K.A. Al-Ghanim, F. Al-Misned, M.K. Dhillon, and U. Manzoor (2020). Ecotoxicity of Neonicotinoids and Diamides on Population Growth Performance of Zygogramma bicolorata (Coleoptera: Chrysomelidae). Ecotoxicol. Environ. Saf., 203, 10 p. doi:10.1016/j.ecoenv.2020.110998. ECOREF#:184751"
"111988499","Thiacloprid","Mexican Beetle","Population","Generation time","LOEL","2020","2","Hasan,F., S. Mahboob, K.A. Al-Ghanim, F. Al-Misned, M.K. Dhillon, and U. Manzoor (2020). Ecotoxicity of Neonicotinoids and Diamides on Population Growth Performance of Zygogramma bicolorata (Coleoptera: Chrysomelidae). Ecotoxicol. Environ. Saf., 203, 10 p. doi:10.1016/j.ecoenv.2020.110998. ECOREF#:184751"
"111988499","Thiacloprid","Mexican Beetle","Population","Intrinsic rate of increase","LOEL","2020","1","Hasan,F., S. Mahboob, K.A. Al-Ghanim, F. Al-Misned, M.K. Dhillon, and U. Manzoor (2020). Ecotoxicity of Neonicotinoids and Diamides on Population Growth Performance of Zygogramma bicolorata (Coleoptera: Chrysomelidae). Ecotoxicol. Environ. Saf., 203, 10 p. doi:10.1016/j.ecoenv.2020.110998. ECOREF#:184751"
"111988499","Thiacloprid","Mexican Beetle","Population","Population doubling time","LOEL","2020","1","Hasan,F., S. Mahboob, K.A. Al-Ghanim, F. Al-Misned, M.K. Dhillon, and U. Manzoor (2020). Ecotoxicity of Neonicotinoids and Diamides on Population Growth Performance of Zygogramma bicolorata (Coleoptera: Chrysomelidae). Ecotoxicol. Environ. Saf., 203, 10 p. doi:10.1016/j.ecoenv.2020.110998. ECOREF#:184751"
"111988499","Thiacloprid","Mexican Beetle","Reproduction","Clutch/Oviposition length","LOEL","2020","3","Hasan,F., S. Mahboob, K.A. Al-Ghanim, F. Al-Misned, M.K. Dhillon, and U. Manzoor (2020). Ecotoxicity of Neonicotinoids and Diamides on Population Growth Performance of Zygogramma bicolorata (Coleoptera: Chrysomelidae). Ecotoxicol. Environ. Saf., 203, 10 p. doi:10.1016/j.ecoenv.2020.110998. ECOREF#:184751"
"111988499","Thiacloprid","Mexican Beetle","Reproduction","Fecundity","LOEL","2020","1","Hasan,F., S. Mahboob, K.A. Al-Ghanim, F. Al-Misned, M.K. Dhillon, and U. Manzoor (2020). Ecotoxicity of Neonicotinoids and Diamides on Population Growth Performance of Zygogramma bicolorata (Coleoptera: Chrysomelidae). Ecotoxicol. Environ. Saf., 203, 10 p. doi:10.1016/j.ecoenv.2020.110998. ECOREF#:184751"
"111988499","Thiacloprid","Mexican Beetle","Reproduction","Net Reproductive Rate","LOEL","2020","1","Hasan,F., S. Mahboob, K.A. Al-Ghanim, F. Al-Misned, M.K. Dhillon, and U. Manzoor (2020). Ecotoxicity of Neonicotinoids and Diamides on Population Growth Performance of Zygogramma bicolorata (Coleoptera: Chrysomelidae). Ecotoxicol. Environ. Saf., 203, 10 p. doi:10.1016/j.ecoenv.2020.110998. ECOREF#:184751"
"111988499","Thiacloprid","Mexican Beetle","Reproduction","Progeny counts/numbers","LOEL","2020","1","Hasan,F., S. Mahboob, K.A. Al-Ghanim, F. Al-Misned, M.K. Dhillon, and U. Manzoor (2020). Ecotoxicity of Neonicotinoids and Diamides on Population Growth Performance of Zygogramma bicolorata (Coleoptera: Chrysomelidae). Ecotoxicol. Environ. Saf., 203, 10 p. doi:10.1016/j.ecoenv.2020.110998. ECOREF#:184751"
"111988499","Thiacloprid","Mexican Beetle","Reproduction","Reproductive success (general)","LOEL","2020","2","Hasan,F., S. Mahboob, K.A. Al-Ghanim, F. Al-Misned, M.K. Dhillon, and U. Manzoor (2020). Ecotoxicity of Neonicotinoids and Diamides on Population Growth Performance of Zygogramma bicolorata (Coleoptera: Chrysomelidae). Ecotoxicol. Environ. Saf., 203, 10 p. doi:10.1016/j.ecoenv.2020.110998. ECOREF#:184751"
"111988499","Thiacloprid","Minute Parasitic Wasps","Reproduction","Reproductive success (general)","LOEL","2017","2","Boopathi,T., K.S. Meena, M. Ravi, and K. Thirunavukarasu (2017). Impact of Insecticides on Spiralling Whitefly, Aleurodicus dispersus (Hemiptera: Aleyrodidae) and Its Natural Enemy Complex in Cassava Under Open Field Conditions. Crop Prot., 94, 137-143. doi:10.1016/j.cropro.2016.12.021. ECOREF#:175406"
"111988499","Thiacloprid","Mirid Bug","Mortality","Mortality","LOEL","2015","2","Vrancken,K., T. Belien, and D. Bylemans (2015). Side-Effects of Commonly Used Crop Protection Products in Pear on Two Beneficial Miridae Bugs. Commun. Agric. Appl. Biol. Sci., 80, (2), 137-141. ECOREF#:173861"
"111988499","Thiacloprid","Mirid Bug","Mortality","Mortality","NR-LETH","2015","1","Vrancken,K., T. Belien, and D. Bylemans (2015). Side-Effects of Commonly Used Crop Protection Products in Pear on Two Beneficial Miridae Bugs. Commun. Agric. Appl. Biol. Sci., 80, (2), 137-141. ECOREF#:173861"
"111988499","Thiacloprid","Mite","Mortality","Mortality","LC50","2017","1","Silva,C.D.E., N. Brennan, J.M. Brouwer, D. Commandeur, R.A. Verweij, and C.A.M. Van Gestel (2017). Comparative Toxicity of Imidacloprid and Thiacloprid to Different Species of Soil Invertebrates. Ecotoxicology, 26, (4), 555-564. doi:10.1007/s10646-017-1790-7. ECOREF#:184089"
"111988499","Thiacloprid","Mite","Reproduction","Progeny counts/numbers","EC50","2017","1","Silva,C.D.E., N. Brennan, J.M. Brouwer, D. Commandeur, R.A. Verweij, and C.A.M. Van Gestel (2017). Comparative Toxicity of Imidacloprid and Thiacloprid to Different Species of Soil Invertebrates. Ecotoxicology, 26, (4), 555-564. doi:10.1007/s10646-017-1790-7. ECOREF#:184089"
"111988499","Thiacloprid","Mite","Reproduction","Progeny counts/numbers","NOEL","2017","1","Silva,C.D.E., N. Brennan, J.M. Brouwer, D. Commandeur, R.A. Verweij, and C.A.M. Van Gestel (2017). Comparative Toxicity of Imidacloprid and Thiacloprid to Different Species of Soil Invertebrates. Ecotoxicology, 26, (4), 555-564. doi:10.1007/s10646-017-1790-7. ECOREF#:184089"
"111988499","Thiacloprid","Mosquito","Mortality","Mortality","LC50","2015","2","Uragayala,S., V. Verma, E. Natarajan, P.S. Velamuri, and R. Kamaraju (2015). Adulticidal & Larvicidal Efficacy of Three Neonicotinoids Against Insecticide Susceptible & Resistant Mosquito Strains. Indian J. Med. Res., 142, 64-70. doi:10.4103/0971-5916.176624. ECOREF#:173152"
"111988499","Thiacloprid","Mosquito","Mortality","Mortality","LC90","2015","2","Uragayala,S., V. Verma, E. Natarajan, P.S. Velamuri, and R. Kamaraju (2015). Adulticidal & Larvicidal Efficacy of Three Neonicotinoids Against Insecticide Susceptible & Resistant Mosquito Strains. Indian J. Med. Res., 142, 64-70. doi:10.4103/0971-5916.176624. ECOREF#:173152"
"111988499","Thiacloprid","Old World Bollworm","Population","Abundance","LOEL","2015","2","Chaudhari,A.J., D.M. Korat, and M.R. Dabhi (2015). Bio-Efficacy of Newer Insecticides Against Major Insect Pests of Indian Bean, Lablab purpureus L. L. Krishna Naik, 28, (4), 616-619. ECOREF#:187435"
"111988499","Thiacloprid","Parasitic Wasp","Development","Emergence","EC50","2019","3","Jiang,J.G., X. Liu, X.P. Huang, X. Yu, W.W. Zhang, X.X. Zhang, and W. Mu (2019). Comparative Ecotoxicity of Neonicotinoid Insecticides to Three Species of Trichogramma Parasitoid Wasps (Hymenoptera: Trichogrammatidae). Ecotoxicol. Environ. Saf., 183, 7 p. doi:10.1016.j.ecoenv.2019.109587. ECOREF#:186701"
"111988499","Thiacloprid","Parasitic Wasp","Development","Emergence","LOEL","2019","3","Jiang,J.G., X. Liu, X.P. Huang, X. Yu, W.W. Zhang, X.X. Zhang, and W. Mu (2019). Comparative Ecotoxicity of Neonicotinoid Insecticides to Three Species of Trichogramma Parasitoid Wasps (Hymenoptera: Trichogrammatidae). Ecotoxicol. Environ. Saf., 183, 7 p. doi:10.1016.j.ecoenv.2019.109587. ECOREF#:186701"
"111988499","Thiacloprid","Parasitic Wasp","Development","Emergence","NOEL","2019","3","Jiang,J.G., X. Liu, X.P. Huang, X. Yu, W.W. Zhang, X.X. Zhang, and W. Mu (2019). Comparative Ecotoxicity of Neonicotinoid Insecticides to Three Species of Trichogramma Parasitoid Wasps (Hymenoptera: Trichogrammatidae). Ecotoxicol. Environ. Saf., 183, 7 p. doi:10.1016.j.ecoenv.2019.109587. ECOREF#:186701"
"111988499","Thiacloprid","Parasitic Wasp","Mortality","Mortality","LC50","2019","3","Jiang,J.G., X. Liu, X.P. Huang, X. Yu, W.W. Zhang, X.X. Zhang, and W. Mu (2019). Comparative Ecotoxicity of Neonicotinoid Insecticides to Three Species of Trichogramma Parasitoid Wasps (Hymenoptera: Trichogrammatidae). Ecotoxicol. Environ. Saf., 183, 7 p. doi:10.1016.j.ecoenv.2019.109587. ECOREF#:186701"
"111988499","Thiacloprid","Parasitic Wasp","Mortality","Mortality","LC90","2019","3","Jiang,J.G., X. Liu, X.P. Huang, X. Yu, W.W. Zhang, X.X. Zhang, and W. Mu (2019). Comparative Ecotoxicity of Neonicotinoid Insecticides to Three Species of Trichogramma Parasitoid Wasps (Hymenoptera: Trichogrammatidae). Ecotoxicol. Environ. Saf., 183, 7 p. doi:10.1016.j.ecoenv.2019.109587. ECOREF#:186701"
"111988499","Thiacloprid","Parasitic Wasp","Population","Abundance","LOEL","2017","4","Boopathi,T., K.S. Meena, M. Ravi, and K. Thirunavukarasu (2017). Impact of Insecticides on Spiralling Whitefly, Aleurodicus dispersus (Hemiptera: Aleyrodidae) and Its Natural Enemy Complex in Cassava Under Open Field Conditions. Crop Prot., 94, 137-143. doi:10.1016/j.cropro.2016.12.021. ECOREF#:175406"
"111988499","Thiacloprid","Parasitic Wasp","Reproduction","Fecundity","EC50","2019","3","Jiang,J.G., X. Liu, X.P. Huang, X. Yu, W.W. Zhang, X.X. Zhang, and W. Mu (2019). Comparative Ecotoxicity of Neonicotinoid Insecticides to Three Species of Trichogramma Parasitoid Wasps (Hymenoptera: Trichogrammatidae). Ecotoxicol. Environ. Saf., 183, 7 p. doi:10.1016.j.ecoenv.2019.109587. ECOREF#:186701"
"111988499","Thiacloprid","Parasitic Wasp","Reproduction","Fecundity","LOEL","2019","3","Jiang,J.G., X. Liu, X.P. Huang, X. Yu, W.W. Zhang, X.X. Zhang, and W. Mu (2019). Comparative Ecotoxicity of Neonicotinoid Insecticides to Three Species of Trichogramma Parasitoid Wasps (Hymenoptera: Trichogrammatidae). Ecotoxicol. Environ. Saf., 183, 7 p. doi:10.1016.j.ecoenv.2019.109587. ECOREF#:186701"
"111988499","Thiacloprid","Predatory Mite","Development","Emergence","NOEL","2017","1","Kuk,Y.I., and S.S. Kim (2017). Impacts of Selected Insecticides on the Predatory Mite, Neoseiulus californicus (Acari: Phytoseiidae). J. Entomol. Sci., 52, (1), 60-67. doi:10.18474/JES16-21.1. ECOREF#:177621"
"111988499","Thiacloprid","Predatory Mite","Mortality","Hatch","NOEL","2017","1","Kuk,Y.I., and S.S. Kim (2017). Impacts of Selected Insecticides on the Predatory Mite, Neoseiulus californicus (Acari: Phytoseiidae). J. Entomol. Sci., 52, (1), 60-67. doi:10.18474/JES16-21.1. ECOREF#:177621"
"111988499","Thiacloprid","Predatory Mite","Mortality","Hatch","NOEL","2017","1","Kuk,Y., and S. Kim (2017). Impacts of Selected Insecticides on the Predatory Mite, Neoseiulus californicus (Acari: Phytoselldae). J. Entomol. Sci., 52, (1), 60-67. doi:10.18474/JES16-21.1. ECOREF#:191706"
"111988499","Thiacloprid","Predatory Mite","Mortality","Mortality","NR","2017","3","Kuk,Y., and S. Kim (2017). Impacts of Selected Insecticides on the Predatory Mite, Neoseiulus californicus (Acari: Phytoselldae). J. Entomol. Sci., 52, (1), 60-67. doi:10.18474/JES16-21.1. ECOREF#:191706"
"111988499","Thiacloprid","Predatory Mite","Mortality","Survival","NOEL","2017","6","Kuk,Y.I., and S.S. Kim (2017). Impacts of Selected Insecticides on the Predatory Mite, Neoseiulus californicus (Acari: Phytoseiidae). J. Entomol. Sci., 52, (1), 60-67. doi:10.18474/JES16-21.1. ECOREF#:177621"
"111988499","Thiacloprid","Predatory Mite","Mortality","Survival","NOEL","2017","6","Kuk,Y., and S. Kim (2017). Impacts of Selected Insecticides on the Predatory Mite, Neoseiulus californicus (Acari: Phytoselldae). J. Entomol. Sci., 52, (1), 60-67. doi:10.18474/JES16-21.1. ECOREF#:191706"
"111988499","Thiacloprid","Predatory Mite","Reproduction","Fecundity","LOEL","2017","1","Kuk,Y.I., and S.S. Kim (2017). Impacts of Selected Insecticides on the Predatory Mite, Neoseiulus californicus (Acari: Phytoseiidae). J. Entomol. Sci., 52, (1), 60-67. doi:10.18474/JES16-21.1. ECOREF#:177621"
"111988499","Thiacloprid","Predatory Mite","Reproduction","Hatch","NOEL","2017","1","Kuk,Y., and S. Kim (2017). Impacts of Selected Insecticides on the Predatory Mite, Neoseiulus californicus (Acari: Phytoselldae). J. Entomol. Sci., 52, (1), 60-67. doi:10.18474/JES16-21.1. ECOREF#:191706"
"111988499","Thiacloprid","Predatory Mite","Reproduction","Progeny counts/numbers","LOEL","2017","1","Kuk,Y., and S. Kim (2017). Impacts of Selected Insecticides on the Predatory Mite, Neoseiulus californicus (Acari: Phytoselldae). J. Entomol. Sci., 52, (1), 60-67. doi:10.18474/JES16-21.1. ECOREF#:191706"
"111988499","Thiacloprid","Red Mason Bee","Genetics","Gene expression","LOEL","2019","1","Beadle,K., K.S. Singh, B.J. Troczka, E. Randall, M. Zaworra, C.T. Zimmer, A. Hayward, R. Reid, L. Kor, M. Kohler, B. Bu (2019). Genomic Insights into Neonicotinoid Sensitivity in the Solitary Bee Osmia bicornis. PLoS Genet., 15, (2), 19 p. doi:10.1371/journal.pgen.1007903. ECOREF#:191117"
"111988499","Thiacloprid","Red Mason Bee","Genetics","Multiple measurement terms entered","NR","2019","1","Beadle,K., K.S. Singh, B.J. Troczka, E. Randall, M. Zaworra, C.T. Zimmer, A. Hayward, R. Reid, L. Kor, M. Kohler, B. Bu (2019). Genomic Insights into Neonicotinoid Sensitivity in the Solitary Bee Osmia bicornis. PLoS Genet., 15, (2), 19 p. doi:10.1371/journal.pgen.1007903. ECOREF#:191117"
"111988499","Thiacloprid","Red Mason Bee","Mortality","Mortality","LC50","2019","2","Beadle,K., K.S. Singh, B.J. Troczka, E. Randall, M. Zaworra, C.T. Zimmer, A. Hayward, R. Reid, L. Kor, M. Kohler, B. Bu (2019). Genomic Insights into Neonicotinoid Sensitivity in the Solitary Bee Osmia bicornis. PLoS Genet., 15, (2), 19 p. doi:10.1371/journal.pgen.1007903. ECOREF#:191117"
"111988499","Thiacloprid","Red Mason Bee","Mortality","Mortality","LD50","2019","2","Uhl,P., O. Awanbor, R.S. Schulz, and C.A. Bruhl (2019). Is Osmia bicornis an Adequate Regulatory Surrogate? Comparing its Acute Contact Sensitivity to Apis mellifera. PLoS One, 14, (8), 12 p. doi:10.1371/journal.pone.0201081. ECOREF#:191059"
"111988499","Thiacloprid","Red Mason Bee","Mortality","Mortality","LD50","2019","1","Beadle,K., K.S. Singh, B.J. Troczka, E. Randall, M. Zaworra, C.T. Zimmer, A. Hayward, R. Reid, L. Kor, M. Kohler, B. Bu (2019). Genomic Insights into Neonicotinoid Sensitivity in the Solitary Bee Osmia bicornis. PLoS Genet., 15, (2), 19 p. doi:10.1371/journal.pgen.1007903. ECOREF#:191117"
"111988499","Thiacloprid","Sand Wasp","Development","Metamorphosis","LOEL","2020","1","Heneberg,P., P. Bogusch, A. Astapenkova, and M. Rezac (2020). Neonicotinoid Insecticides Hinder the Pupation and Metamorphosis into Adults in a Crabronid Wasp. Sci. Rep., 10, (1), 10 p. doi:10.1038/s41598-020-63958-w. ECOREF#:183867"
"111988499","Thiacloprid","Sand Wasp","Development","Metamorphosis","NOEL","2020","2","Heneberg,P., P. Bogusch, A. Astapenkova, and M. Rezac (2020). Neonicotinoid Insecticides Hinder the Pupation and Metamorphosis into Adults in a Crabronid Wasp. Sci. Rep., 10, (1), 10 p. doi:10.1038/s41598-020-63958-w. ECOREF#:183867"
"111988499","Thiacloprid","Sand Wasp","Development","Pupation","NOEL","2020","2","Heneberg,P., P. Bogusch, A. Astapenkova, and M. Rezac (2020). Neonicotinoid Insecticides Hinder the Pupation and Metamorphosis into Adults in a Crabronid Wasp. Sci. Rep., 10, (1), 10 p. doi:10.1038/s41598-020-63958-w. ECOREF#:183867"
"111988499","Thiacloprid","Sand Wasp","Mortality","Mean time of death","NOEL","2020","1","Heneberg,P., P. Bogusch, A. Astapenkova, and M. Rezac (2020). Neonicotinoid Insecticides Hinder the Pupation and Metamorphosis into Adults in a Crabronid Wasp. Sci. Rep., 10, (1), 10 p. doi:10.1038/s41598-020-63958-w. ECOREF#:183867"
"111988499","Thiacloprid","Sand Wasp","Mortality","Survival","LOEL","2020","1","Heneberg,P., P. Bogusch, A. Astapenkova, and M. Rezac (2020). Neonicotinoid Insecticides Hinder the Pupation and Metamorphosis into Adults in a Crabronid Wasp. Sci. Rep., 10, (1), 10 p. doi:10.1038/s41598-020-63958-w. ECOREF#:183867"
"111988499","Thiacloprid","Southern House Mosquito","Mortality","Mortality","LC50","2015","1","Uragayala,S., V. Verma, E. Natarajan, P.S. Velamuri, and R. Kamaraju (2015). Adulticidal & Larvicidal Efficacy of Three Neonicotinoids Against Insecticide Susceptible & Resistant Mosquito Strains. Indian J. Med. Res., 142, 64-70. doi:10.4103/0971-5916.176624. ECOREF#:173152"
"111988499","Thiacloprid","Southern House Mosquito","Mortality","Mortality","LC90","2015","1","Uragayala,S., V. Verma, E. Natarajan, P.S. Velamuri, and R. Kamaraju (2015). Adulticidal & Larvicidal Efficacy of Three Neonicotinoids Against Insecticide Susceptible & Resistant Mosquito Strains. Indian J. Med. Res., 142, 64-70. doi:10.4103/0971-5916.176624. ECOREF#:173152"
"111988499","Thiacloprid","Spiralling Whitefly","Population","Abundance","LOEL","2017","2","Boopathi,T., K.S. Meena, M. Ravi, and K. Thirunavukarasu (2017). Impact of Insecticides on Spiralling Whitefly, Aleurodicus dispersus (Hemiptera: Aleyrodidae) and Its Natural Enemy Complex in Cassava Under Open Field Conditions. Crop Prot., 94, 137-143. doi:10.1016/j.cropro.2016.12.021. ECOREF#:175406"
"111988499","Thiacloprid","Stingless Bee","Behavior","Distance moved, change in direct movement","LOEL","2019","2","Jacob,C.R.D.O., O.Z. Zanardi, J.B. Malaquias, C.A. Souza Silva, and P.T. Yamamoto (2019). The Impact of Four Widely Used Neonicotinoid Insecticides on Tetragonisca angustula (Latreille) (Hymenoptera: Apidae). Chemosphere, 224, 65-70. doi:10.1016/j.chemosphere.2019.02.105. ECOREF#:183611"
"111988499","Thiacloprid","Stingless Bee","Behavior","Distance moved, change in direct movement","LOEL","2019","5","Jacob,C.R.O., J.B. Malaquias, O.Z. Zanardi, C.A.S. Silva, J.F.O. Jacob, and P.T. Yamamoto (2019). Oral Acute Toxicity and Impact of Neonicotinoids on Apis mellifera L. and Scaptotrigona Postica latreille (Hymenoptera: Apidae). Ecotoxicology, 28, (7), 744-753. doi:10.1007/s10646-019-02070-w. ECOREF#:184482"
"111988499","Thiacloprid","Stingless Bee","Behavior","Distance moved, change in direct movement","NOEL","2019","1","Jacob,C.R.D.O., O.Z. Zanardi, J.B. Malaquias, C.A. Souza Silva, and P.T. Yamamoto (2019). The Impact of Four Widely Used Neonicotinoid Insecticides on Tetragonisca angustula (Latreille) (Hymenoptera: Apidae). Chemosphere, 224, 65-70. doi:10.1016/j.chemosphere.2019.02.105. ECOREF#:183611"
"111988499","Thiacloprid","Stingless Bee","Behavior","Rest","LOEL","2019","2","Jacob,C.R.D.O., O.Z. Zanardi, J.B. Malaquias, C.A. Souza Silva, and P.T. Yamamoto (2019). The Impact of Four Widely Used Neonicotinoid Insecticides on Tetragonisca angustula (Latreille) (Hymenoptera: Apidae). Chemosphere, 224, 65-70. doi:10.1016/j.chemosphere.2019.02.105. ECOREF#:183611"
"111988499","Thiacloprid","Stingless Bee","Mortality","Mortality","LC50","2019","1","Jacob,C.R.D.O., O.Z. Zanardi, J.B. Malaquias, C.A. Souza Silva, and P.T. Yamamoto (2019). The Impact of Four Widely Used Neonicotinoid Insecticides on Tetragonisca angustula (Latreille) (Hymenoptera: Apidae). Chemosphere, 224, 65-70. doi:10.1016/j.chemosphere.2019.02.105. ECOREF#:183611"
"111988499","Thiacloprid","Stingless Bee","Mortality","Mortality","LC50","2019","1","Jacob,C.R.O., J.B. Malaquias, O.Z. Zanardi, C.A.S. Silva, J.F.O. Jacob, and P.T. Yamamoto (2019). Oral Acute Toxicity and Impact of Neonicotinoids on Apis mellifera L. and Scaptotrigona Postica latreille (Hymenoptera: Apidae). Ecotoxicology, 28, (7), 744-753. doi:10.1007/s10646-019-02070-w. ECOREF#:184482"
"111988499","Thiacloprid","Sweetpotato Whitefly","Population","Abundance","LOEL","2015","3","Chaudhari,A.J., D.M. Korat, and M.R. Dabhi (2015). Bio-Efficacy of Newer Insecticides Against Major Insect Pests of Indian Bean, Lablab purpureus L. L. Krishna Naik, 28, (4), 616-619. ECOREF#:187435"
"111988499","Thiacloprid","Thrip","Population","Abundance","LOEL","2015","3","Chaudhari,A.J., D.M. Korat, and M.R. Dabhi (2015). Bio-Efficacy of Newer Insecticides Against Major Insect Pests of Indian Bean, Lablab purpureus L. L. Krishna Naik, 28, (4), 616-619. ECOREF#:187435"
"111988499","Thiacloprid","Thrip Order","Population","Abundance","LOEL","2018","4","Ding,J.F., H. Li, Z.Q. Zhang, J. Lin, F. Liu, and W. Mu (2018). Thiamethoxam, Clothianidin, and Imidacloprid Seed Treatments Effectively Control Thrips on Corn Under Field Conditions. J. Insect Sci., 18, (6), 8 p. doi:10.1093/jisesa/iey128. ECOREF#:183605"
"111988499","Thiacloprid","Thrip Order","Population","Abundance","NOEL","2018","3","Ding,J.F., H. Li, Z.Q. Zhang, J. Lin, F. Liu, and W. Mu (2018). Thiamethoxam, Clothianidin, and Imidacloprid Seed Treatments Effectively Control Thrips on Corn Under Field Conditions. J. Insect Sci., 18, (6), 8 p. doi:10.1093/jisesa/iey128. ECOREF#:183605"
"111988499","Thiacloprid","Two Spotted Lady Beetle","Mortality","Mortality","NR-LETH","2020","1","Holy,K., and J. Stara (2020). Laboratory Evaluation of the Effect of Insecticides on Chrysoperla carnea (Neuroptera: Chrysopidae), Forficula auricularia (Dermaptera: Forficulidae), Adalia bipunctata (Coleoptera: Coccinellidae) and Harmonia axyridis . Acta Univ. Agric. Silvic. Mend. Brun., 68, (3), 497-506. doi:10.11118/actaun202068030497. ECOREF#:185343"
"111988499","Thiacloprid","Two-Spotted Spider Mite","Mortality","Hatch","NOEL","2018","1","Schmidt-Jeffris,R.A., and E.H. Beers (2018). Potential Impacts of Orchard Pesticides on Tetranychus urticae: A Predator-Prey Perspective. Crop Prot., 103, 56-64. doi:10.1016/j.cropro.2017.09.009. ECOREF#:184243"
"111988499","Thiacloprid","Two-Spotted Spider Mite","Mortality","Mortality","NOEL","2018","1","Schmidt-Jeffris,R.A., and E.H. Beers (2018). Potential Impacts of Orchard Pesticides on Tetranychus urticae: A Predator-Prey Perspective. Crop Prot., 103, 56-64. doi:10.1016/j.cropro.2017.09.009. ECOREF#:184243"
"111988499","Thiacloprid","Two-Spotted Spider Mite","Mortality","Survival","NOEL","2018","1","Schmidt-Jeffris,R.A., and E.H. Beers (2018). Potential Impacts of Orchard Pesticides on Tetranychus urticae: A Predator-Prey Perspective. Crop Prot., 103, 56-64. doi:10.1016/j.cropro.2017.09.009. ECOREF#:184243"
"111988499","Thiacloprid","Two-Spotted Spider Mite","Reproduction","Fecundity","NOEL","2018","1","Schmidt-Jeffris,R.A., and E.H. Beers (2018). Potential Impacts of Orchard Pesticides on Tetranychus urticae: A Predator-Prey Perspective. Crop Prot., 103, 56-64. doi:10.1016/j.cropro.2017.09.009. ECOREF#:184243"
"111988499","Thiacloprid","Two-Spotted Spider Mite","Reproduction","Progeny counts/numbers","NR","2018","1","Schmidt-Jeffris,R.A., and E.H. Beers (2018). Potential Impacts of Orchard Pesticides on Tetranychus urticae: A Predator-Prey Perspective. Crop Prot., 103, 56-64. doi:10.1016/j.cropro.2017.09.009. ECOREF#:184243"
"111988499","Thiacloprid","Weaver Spider","Behavior","Web-building","LOEL","2019","2","Rezac,M., V. Rezacova, and P. Heneberg (2019). Neonicotinoid Insecticides Limit the Potential of Spiders to Re-Colonize Disturbed Agroecosystems When Using Silk-Mediated Dispersal. Sci. Rep., 9, 10 p. ECOREF#:183892"
"111988499","Thiacloprid","Weaver Spider","Behavior","Web-building","NOEL","2019","2","Rezac,M., V. Rezacova, and P. Heneberg (2019). Neonicotinoid Insecticides Limit the Potential of Spiders to Re-Colonize Disturbed Agroecosystems When Using Silk-Mediated Dispersal. Sci. Rep., 9, 10 p. ECOREF#:183892"
"111988499","Thiacloprid","Weaver Spider","Mortality","Mortality","LOEL","2019","2","Rezac,M., V. Rezacova, and P. Heneberg (2019). Neonicotinoid Insecticides Limit the Potential of Spiders to Re-Colonize Disturbed Agroecosystems When Using Silk-Mediated Dispersal. Sci. Rep., 9, 10 p. ECOREF#:183892"
"111988499","Thiacloprid","Wolf Spider","Feeding behavior","Predatory  behavior","LOEL","2019","1","Korenko,S., P. Saska, K. Kysilkova, M. Rezac, and P. Heneberg (2019). Prey Contaminated with Neonicotinoids Induces Feeding Deterrent Behavior of a Common Farmland Spider. Sci. Rep., 9, 8. doi:10.1038/s41598-019-52302-6. ECOREF#:183897"
"111988499","Thiacloprid","Wolf Spider","Reproduction","Courtship behavior","NOEL","2020","8","Korenko,S., J. Sykora, M. Rezac, and P. Heneberg (2020). Neonicotinoids Suppress Contact Chemoreception in a Common Farmland Spider. Sci. Rep., 10, (1), 8 p. doi:10.1038/s41598-020-63955-z. ECOREF#:187158"